{
 "msecs": 24711.814581000028,
 "count": 1900,
 "code128": {
  "id": "code128",
  "count": 75,
  "msecs": 84.969016
 },
 "code39": {
  "id": "code39",
  "count": 50,
  "msecs": 22.425061000000003
 },
 "code93": {
  "id": "code93",
  "count": 50,
  "msecs": 27.133990000000004
 },
 "ean13": {
  "id": "ean13",
  "count": 50,
  "msecs": 39.13185800000001
 },
 "ean8": {
  "id": "ean8",
  "count": 50,
  "msecs": 32.552398000000004
 },
 "upca": {
  "id": "upca",
  "count": 50,
  "msecs": 34.693791000000004
 },
 "upce": {
  "id": "upce",
  "count": 50,
  "msecs": 37.639718
 },
 "ean13composite": {
  "id": "ean13composite",
  "count": 25,
  "msecs": 222.69957300000002
 },
 "ean8composite": {
  "id": "ean8composite",
  "count": 25,
  "msecs": 214.85151900000002
 },
 "upcacomposite": {
  "id": "upcacomposite",
  "count": 25,
  "msecs": 220.53943699999996
 },
 "upcecomposite": {
  "id": "upcecomposite",
  "count": 25,
  "msecs": 254.92489200000006
 },
 "sscc18": {
  "id": "sscc18",
  "count": 25,
  "msecs": 48.93746699999999
 },
 "itf14": {
  "id": "itf14",
  "count": 25,
  "msecs": 19.123504
 },
 "onecode": {
  "id": "onecode",
  "count": 25,
  "msecs": 51.838325
 },
 "planet": {
  "id": "planet",
  "count": 25,
  "msecs": 11.127302
 },
 "postnet": {
  "id": "postnet",
  "count": 25,
  "msecs": 10.288864
 },
 "royalmail": {
  "id": "royalmail",
  "count": 25,
  "msecs": 13.444953
 },
 "japanpost": {
  "id": "japanpost",
  "count": 25,
  "msecs": 16.477887
 },
 "azteccode": {
  "id": "azteccode",
  "count": 125,
  "msecs": 2866.5856970000004
 },
 "datamatrix": {
  "id": "datamatrix",
  "count": 125,
  "msecs": 2508.3491630000008
 },
 "pdf417": {
  "id": "pdf417",
  "count": 125,
  "msecs": 976.6209269999999
 },
 "qrcode": {
  "id": "qrcode",
  "count": 125,
  "msecs": 8049.519776000001
 },
 "hanxin": {
  "id": "hanxin",
  "count": 125,
  "msecs": 4173.6728570000005
 },
 "databarexpanded": {
  "id": "databarexpanded",
  "count": 25,
  "msecs": 108.07143499999998
 },
 "databarexpandedcomposite": {
  "id": "databarexpandedcomposite",
  "count": 25,
  "msecs": 300.089151
 },
 "databarexpandedstacked": {
  "id": "databarexpandedstacked",
  "count": 25,
  "msecs": 165.90557
 },
 "databarexpandedstackedcomposite": {
  "id": "databarexpandedstackedcomposite",
  "count": 25,
  "msecs": 322.87743800000004
 },
 "databarlimited": {
  "id": "databarlimited",
  "count": 25,
  "msecs": 34.45104599999999
 },
 "databarlimitedcomposite": {
  "id": "databarlimitedcomposite",
  "count": 25,
  "msecs": 239.21941000000004
 },
 "databaromni": {
  "id": "databaromni",
  "count": 25,
  "msecs": 24.63874
 },
 "databaromnicomposite": {
  "id": "databaromnicomposite",
  "count": 25,
  "msecs": 268.538514
 },
 "databarstacked": {
  "id": "databarstacked",
  "count": 25,
  "msecs": 38.06718300000001
 },
 "databarstackedcomposite": {
  "id": "databarstackedcomposite",
  "count": 25,
  "msecs": 242.794492
 },
 "databarstackedomni": {
  "id": "databarstackedomni",
  "count": 25,
  "msecs": 42.337039
 },
 "databarstackedomnicomposite": {
  "id": "databarstackedomnicomposite",
  "count": 25,
  "msecs": 262.59803500000004
 },
 "databartruncated": {
  "id": "databartruncated",
  "count": 25,
  "msecs": 26.900619
 },
 "databartruncatedcomposite": {
  "id": "databartruncatedcomposite",
  "count": 25,
  "msecs": 261.980021
 },
 "gs1-128composite": {
  "id": "gs1-128composite",
  "count": 25,
  "msecs": 330.481418
 },
 "maxicode": {
  "id": "maxicode",
  "count": 25,
  "msecs": 399.72932299999997
 },
 "ultracode": {
  "id": "ultracode",
  "count": 125,
  "msecs": 337.04972299999986
 },
 "dotcode": {
  "id": "dotcode",
  "count": 100,
  "msecs": 1368.537449
 }
}