{
 "msecs": 92741.01982800021,
 "count": 3350,
 "code128": {
  "id": "code128",
  "count": 150,
  "msecs": 4259.0296690000005
 },
 "code39": {
  "id": "code39",
  "count": 100,
  "msecs": 4259.898449999999
 },
 "code93": {
  "id": "code93",
  "count": 100,
  "msecs": 1574.829669
 },
 "ean13": {
  "id": "ean13",
  "count": 100,
  "msecs": 1649.5520240000003
 },
 "ean8": {
  "id": "ean8",
  "count": 100,
  "msecs": 1392.9046799999994
 },
 "upca": {
  "id": "upca",
  "count": 100,
  "msecs": 2099.481815
 },
 "upce": {
  "id": "upce",
  "count": 100,
  "msecs": 909.3005489999998
 },
 "ean13composite": {
  "id": "ean13composite",
  "count": 50,
  "msecs": 1938.225848
 },
 "ean8composite": {
  "id": "ean8composite",
  "count": 50,
  "msecs": 1051.7825550000002
 },
 "upcacomposite": {
  "id": "upcacomposite",
  "count": 50,
  "msecs": 1209.210455
 },
 "upcecomposite": {
  "id": "upcecomposite",
  "count": 50,
  "msecs": 915.3583370000001
 },
 "sscc18": {
  "id": "sscc18",
  "count": 50,
  "msecs": 1829.1223479999996
 },
 "itf14": {
  "id": "itf14",
  "count": 50,
  "msecs": 887.8408330000002
 },
 "onecode": {
  "id": "onecode",
  "count": 50,
  "msecs": 274.7452910000002
 },
 "planet": {
  "id": "planet",
  "count": 50,
  "msecs": 178.450331
 },
 "postnet": {
  "id": "postnet",
  "count": 50,
  "msecs": 137.63300599999997
 },
 "royalmail": {
  "id": "royalmail",
  "count": 50,
  "msecs": 168.96652600000002
 },
 "japanpost": {
  "id": "japanpost",
  "count": 50,
  "msecs": 229.94150299999995
 },
 "azteccode": {
  "id": "azteccode",
  "count": 250,
  "msecs": 8140.335266999999
 },
 "datamatrix": {
  "id": "datamatrix",
  "count": 250,
  "msecs": 6867.346719999998
 },
 "pdf417": {
  "id": "pdf417",
  "count": 250,
  "msecs": 6497.2131720000025
 },
 "qrcode": {
  "id": "qrcode",
  "count": 250,
  "msecs": 17773.971776000013
 },
 "hanxin": {
  "id": "hanxin",
  "count": 250,
  "msecs": 11153.067508000002
 },
 "databarexpanded": {
  "id": "databarexpanded",
  "count": 50,
  "msecs": 1001.5612970000002
 },
 "databarexpandedcomposite": {
  "id": "databarexpandedcomposite",
  "count": 50,
  "msecs": 1604.87184
 },
 "databarexpandedstacked": {
  "id": "databarexpandedstacked",
  "count": 50,
  "msecs": 1401.89453
 },
 "databarexpandedstackedcomposite": {
  "id": "databarexpandedstackedcomposite",
  "count": 50,
  "msecs": 2156.247228
 },
 "databarlimited": {
  "id": "databarlimited",
  "count": 50,
  "msecs": 162.97611600000002
 },
 "databarlimitedcomposite": {
  "id": "databarlimitedcomposite",
  "count": 50,
  "msecs": 764.2755750000001
 },
 "databaromni": {
  "id": "databaromni",
  "count": 50,
  "msecs": 375.8187429999999
 },
 "databaromnicomposite": {
  "id": "databaromnicomposite",
  "count": 50,
  "msecs": 890.1669449999999
 },
 "databarstacked": {
  "id": "databarstacked",
  "count": 50,
  "msecs": 196.12080600000004
 },
 "databarstackedcomposite": {
  "id": "databarstackedcomposite",
  "count": 50,
  "msecs": 729.9341429999998
 },
 "databarstackedomni": {
  "id": "databarstackedomni",
  "count": 50,
  "msecs": 557.5041190000001
 },
 "databarstackedomnicomposite": {
  "id": "databarstackedomnicomposite",
  "count": 50,
  "msecs": 1257.4982719999996
 },
 "databartruncated": {
  "id": "databartruncated",
  "count": 50,
  "msecs": 204.891564
 },
 "databartruncatedcomposite": {
  "id": "databartruncatedcomposite",
  "count": 50,
  "msecs": 814.751615
 },
 "gs1-128composite": {
  "id": "gs1-128composite",
  "count": 50,
  "msecs": 1577.377103
 },
 "maxicode": {
  "id": "maxicode",
  "count": 50,
  "msecs": 3646.9215999999997
 }
}