{
 "msecs": 24835.229472999996,
 "count": 1900,
 "code128": {
  "id": "code128",
  "count": 75,
  "msecs": 122.943149
 },
 "code39": {
  "id": "code39",
  "count": 50,
  "msecs": 45.07185099999998
 },
 "code93": {
  "id": "code93",
  "count": 50,
  "msecs": 54.55091499999998
 },
 "ean13": {
  "id": "ean13",
  "count": 50,
  "msecs": 68.40651199999998
 },
 "ean8": {
  "id": "ean8",
  "count": 50,
  "msecs": 56.92525100000001
 },
 "upca": {
  "id": "upca",
  "count": 50,
  "msecs": 60.47493799999999
 },
 "upce": {
  "id": "upce",
  "count": 50,
  "msecs": 59.730196
 },
 "ean13composite": {
  "id": "ean13composite",
  "count": 25,
  "msecs": 281.823113
 },
 "ean8composite": {
  "id": "ean8composite",
  "count": 25,
  "msecs": 282.31886899999995
 },
 "upcacomposite": {
  "id": "upcacomposite",
  "count": 25,
  "msecs": 265.984961
 },
 "upcecomposite": {
  "id": "upcecomposite",
  "count": 25,
  "msecs": 281.7071030000001
 },
 "sscc18": {
  "id": "sscc18",
  "count": 25,
  "msecs": 55.65308199999999
 },
 "itf14": {
  "id": "itf14",
  "count": 25,
  "msecs": 28.806219000000002
 },
 "onecode": {
  "id": "onecode",
  "count": 25,
  "msecs": 65.067886
 },
 "planet": {
  "id": "planet",
  "count": 25,
  "msecs": 23.667983999999993
 },
 "postnet": {
  "id": "postnet",
  "count": 25,
  "msecs": 24.123131
 },
 "royalmail": {
  "id": "royalmail",
  "count": 25,
  "msecs": 27.003486000000002
 },
 "japanpost": {
  "id": "japanpost",
  "count": 25,
  "msecs": 34.14748
 },
 "azteccode": {
  "id": "azteccode",
  "count": 125,
  "msecs": 2893.2832239999993
 },
 "datamatrix": {
  "id": "datamatrix",
  "count": 125,
  "msecs": 2465.352310999999
 },
 "pdf417": {
  "id": "pdf417",
  "count": 125,
  "msecs": 1174.1933629999999
 },
 "qrcode": {
  "id": "qrcode",
  "count": 125,
  "msecs": 7406.018358000002
 },
 "hanxin": {
  "id": "hanxin",
  "count": 125,
  "msecs": 3555.163579
 },
 "databarexpanded": {
  "id": "databarexpanded",
  "count": 25,
  "msecs": 171.93415299999995
 },
 "databarexpandedcomposite": {
  "id": "databarexpandedcomposite",
  "count": 25,
  "msecs": 393.43269999999995
 },
 "databarexpandedstacked": {
  "id": "databarexpandedstacked",
  "count": 25,
  "msecs": 162.31809700000002
 },
 "databarexpandedstackedcomposite": {
  "id": "databarexpandedstackedcomposite",
  "count": 25,
  "msecs": 407.10311399999995
 },
 "databarlimited": {
  "id": "databarlimited",
  "count": 25,
  "msecs": 48.335955
 },
 "databarlimitedcomposite": {
  "id": "databarlimitedcomposite",
  "count": 25,
  "msecs": 300.069074
 },
 "databaromni": {
  "id": "databaromni",
  "count": 25,
  "msecs": 41.361974
 },
 "databaromnicomposite": {
  "id": "databaromnicomposite",
  "count": 25,
  "msecs": 297.6942850000001
 },
 "databarstacked": {
  "id": "databarstacked",
  "count": 25,
  "msecs": 44.148174000000004
 },
 "databarstackedcomposite": {
  "id": "databarstackedcomposite",
  "count": 25,
  "msecs": 315.618524
 },
 "databarstackedomni": {
  "id": "databarstackedomni",
  "count": 25,
  "msecs": 52.06323299999999
 },
 "databarstackedomnicomposite": {
  "id": "databarstackedomnicomposite",
  "count": 25,
  "msecs": 318.409629
 },
 "databartruncated": {
  "id": "databartruncated",
  "count": 25,
  "msecs": 40.92556900000001
 },
 "databartruncatedcomposite": {
  "id": "databartruncatedcomposite",
  "count": 25,
  "msecs": 324.712946
 },
 "gs1-128composite": {
  "id": "gs1-128composite",
  "count": 25,
  "msecs": 383.51902099999995
 },
 "maxicode": {
  "id": "maxicode",
  "count": 25,
  "msecs": 455.4546910000001
 },
 "ultracode": {
  "id": "ultracode",
  "count": 125,
  "msecs": 465.929268
 },
 "dotcode": {
  "id": "dotcode",
  "count": 100,
  "msecs": 1279.7821049999998
 }
}