{
 "msecs": 25610.868307000004,
 "count": 1900,
 "code128": {
  "id": "code128",
  "count": 75,
  "msecs": 83.04314500000001
 },
 "code39": {
  "id": "code39",
  "count": 50,
  "msecs": 23.663755000000002
 },
 "code93": {
  "id": "code93",
  "count": 50,
  "msecs": 28.965259999999997
 },
 "ean13": {
  "id": "ean13",
  "count": 50,
  "msecs": 43.042946
 },
 "ean8": {
  "id": "ean8",
  "count": 50,
  "msecs": 31.638996000000002
 },
 "upca": {
  "id": "upca",
  "count": 50,
  "msecs": 36.38896500000001
 },
 "upce": {
  "id": "upce",
  "count": 50,
  "msecs": 43.015735
 },
 "ean13composite": {
  "id": "ean13composite",
  "count": 25,
  "msecs": 242.97922800000003
 },
 "ean8composite": {
  "id": "ean8composite",
  "count": 25,
  "msecs": 224.36039
 },
 "upcacomposite": {
  "id": "upcacomposite",
  "count": 25,
  "msecs": 243.129603
 },
 "upcecomposite": {
  "id": "upcecomposite",
  "count": 25,
  "msecs": 285.91285100000005
 },
 "sscc18": {
  "id": "sscc18",
  "count": 25,
  "msecs": 49.02983499999999
 },
 "itf14": {
  "id": "itf14",
  "count": 25,
  "msecs": 18.389035
 },
 "onecode": {
  "id": "onecode",
  "count": 25,
  "msecs": 55.562892
 },
 "planet": {
  "id": "planet",
  "count": 25,
  "msecs": 11.528005
 },
 "postnet": {
  "id": "postnet",
  "count": 25,
  "msecs": 10.506172000000003
 },
 "royalmail": {
  "id": "royalmail",
  "count": 25,
  "msecs": 13.473506999999996
 },
 "japanpost": {
  "id": "japanpost",
  "count": 25,
  "msecs": 16.723303
 },
 "azteccode": {
  "id": "azteccode",
  "count": 125,
  "msecs": 3040.498168
 },
 "datamatrix": {
  "id": "datamatrix",
  "count": 125,
  "msecs": 2559.1785809999997
 },
 "pdf417": {
  "id": "pdf417",
  "count": 125,
  "msecs": 1067.556308
 },
 "qrcode": {
  "id": "qrcode",
  "count": 125,
  "msecs": 8391.346259000005
 },
 "hanxin": {
  "id": "hanxin",
  "count": 125,
  "msecs": 4276.388814000002
 },
 "databarexpanded": {
  "id": "databarexpanded",
  "count": 25,
  "msecs": 112.97401300000001
 },
 "databarexpandedcomposite": {
  "id": "databarexpandedcomposite",
  "count": 25,
  "msecs": 283.34353899999996
 },
 "databarexpandedstacked": {
  "id": "databarexpandedstacked",
  "count": 25,
  "msecs": 152.59849599999998
 },
 "databarexpandedstackedcomposite": {
  "id": "databarexpandedstackedcomposite",
  "count": 25,
  "msecs": 320.64858499999997
 },
 "databarlimited": {
  "id": "databarlimited",
  "count": 25,
  "msecs": 31.352515999999998
 },
 "databarlimitedcomposite": {
  "id": "databarlimitedcomposite",
  "count": 25,
  "msecs": 239.84054600000002
 },
 "databaromni": {
  "id": "databaromni",
  "count": 25,
  "msecs": 29.344096
 },
 "databaromnicomposite": {
  "id": "databaromnicomposite",
  "count": 25,
  "msecs": 277.420459
 },
 "databarstacked": {
  "id": "databarstacked",
  "count": 25,
  "msecs": 36.17210500000001
 },
 "databarstackedcomposite": {
  "id": "databarstackedcomposite",
  "count": 25,
  "msecs": 233.474366
 },
 "databarstackedomni": {
  "id": "databarstackedomni",
  "count": 25,
  "msecs": 45.361488
 },
 "databarstackedomnicomposite": {
  "id": "databarstackedomnicomposite",
  "count": 25,
  "msecs": 266.800052
 },
 "databartruncated": {
  "id": "databartruncated",
  "count": 25,
  "msecs": 31.690746999999995
 },
 "databartruncatedcomposite": {
  "id": "databartruncatedcomposite",
  "count": 25,
  "msecs": 251.35069499999997
 },
 "gs1-128composite": {
  "id": "gs1-128composite",
  "count": 25,
  "msecs": 335.838242
 },
 "maxicode": {
  "id": "maxicode",
  "count": 25,
  "msecs": 410.2221109999999
 },
 "ultracode": {
  "id": "ultracode",
  "count": 125,
  "msecs": 342.1821010000001
 },
 "dotcode": {
  "id": "dotcode",
  "count": 100,
  "msecs": 1413.9323969999998
 }
}