{
 "msecs": 124317.35372000004,
 "count": 1550,
 "code128": {
  "id": "code128",
  "count": 75,
  "msecs": 3725.387290000001
 },
 "code39": {
  "id": "code39",
  "count": 50,
  "msecs": 2808.2454939999993
 },
 "code93": {
  "id": "code93",
  "count": 50,
  "msecs": 1761.0315979999993
 },
 "ean13": {
  "id": "ean13",
  "count": 50,
  "msecs": 1797.1778669999999
 },
 "ean8": {
  "id": "ean8",
  "count": 50,
  "msecs": 1395.0893029999997
 },
 "upca": {
  "id": "upca",
  "count": 50,
  "msecs": 1768.16888
 },
 "upce": {
  "id": "upce",
  "count": 50,
  "msecs": 1337.7863520000005
 },
 "ean13composite": {
  "id": "ean13composite",
  "count": 25,
  "msecs": 1656.2429199999997
 },
 "ean8composite": {
  "id": "ean8composite",
  "count": 25,
  "msecs": 1519.834342
 },
 "upcacomposite": {
  "id": "upcacomposite",
  "count": 25,
  "msecs": 1722.328201
 },
 "upcecomposite": {
  "id": "upcecomposite",
  "count": 25,
  "msecs": 1555.237452
 },
 "sscc18": {
  "id": "sscc18",
  "count": 25,
  "msecs": 1282.2939949999998
 },
 "itf14": {
  "id": "itf14",
  "count": 25,
  "msecs": 920.3090370000001
 },
 "onecode": {
  "id": "onecode",
  "count": 25,
  "msecs": 649.7065220000001
 },
 "planet": {
  "id": "planet",
  "count": 25,
  "msecs": 428.86232200000006
 },
 "postnet": {
  "id": "postnet",
  "count": 25,
  "msecs": 382.41623200000004
 },
 "royalmail": {
  "id": "royalmail",
  "count": 25,
  "msecs": 411.119684
 },
 "japanpost": {
  "id": "japanpost",
  "count": 25,
  "msecs": 473.8582400000001
 },
 "azteccode": {
  "id": "azteccode",
  "count": 125,
  "msecs": 15912.536899000004
 },
 "datamatrix": {
  "id": "datamatrix",
  "count": 125,
  "msecs": 12529.730359
 },
 "pdf417": {
  "id": "pdf417",
  "count": 125,
  "msecs": 10211.365542
 },
 "qrcode": {
  "id": "qrcode",
  "count": 125,
  "msecs": 33087.2684
 },
 "databarexpanded": {
  "id": "databarexpanded",
  "count": 25,
  "msecs": 1236.821642
 },
 "databarexpandedcomposite": {
  "id": "databarexpandedcomposite",
  "count": 25,
  "msecs": 2081.4566310000005
 },
 "databarexpandedstacked": {
  "id": "databarexpandedstacked",
  "count": 25,
  "msecs": 2102.4054010000004
 },
 "databarexpandedstackedcomposite": {
  "id": "databarexpandedstackedcomposite",
  "count": 25,
  "msecs": 2976.767904
 },
 "databarlimited": {
  "id": "databarlimited",
  "count": 25,
  "msecs": 479.775672
 },
 "databarlimitedcomposite": {
  "id": "databarlimitedcomposite",
  "count": 25,
  "msecs": 1219.7349389999997
 },
 "databaromni": {
  "id": "databaromni",
  "count": 25,
  "msecs": 560.954758
 },
 "databaromnicomposite": {
  "id": "databaromnicomposite",
  "count": 25,
  "msecs": 1469.0539529999999
 },
 "databarstacked": {
  "id": "databarstacked",
  "count": 25,
  "msecs": 566.6968330000001
 },
 "databarstackedcomposite": {
  "id": "databarstackedcomposite",
  "count": 25,
  "msecs": 1219.083389
 },
 "databarstackedomni": {
  "id": "databarstackedomni",
  "count": 25,
  "msecs": 1122.760673
 },
 "databarstackedomnicomposite": {
  "id": "databarstackedomnicomposite",
  "count": 25,
  "msecs": 2018.635204
 },
 "databartruncated": {
  "id": "databartruncated",
  "count": 25,
  "msecs": 510.33829099999997
 },
 "databartruncatedcomposite": {
  "id": "databartruncatedcomposite",
  "count": 25,
  "msecs": 1331.8380140000002
 },
 "gs1-128composite": {
  "id": "gs1-128composite",
  "count": 25,
  "msecs": 1927.5685449999999
 },
 "maxicode": {
  "id": "maxicode",
  "count": 25,
  "msecs": 6157.464939999999
 }
}