{
 "msecs": 18659.363343999987,
 "count": 1900,
 "code128": {
  "id": "code128",
  "count": 75,
  "msecs": 419.5232979999999
 },
 "code39": {
  "id": "code39",
  "count": 50,
  "msecs": 259.098887
 },
 "code93": {
  "id": "code93",
  "count": 50,
  "msecs": 162.285878
 },
 "ean13": {
  "id": "ean13",
  "count": 50,
  "msecs": 192.98129199999988
 },
 "ean8": {
  "id": "ean8",
  "count": 50,
  "msecs": 118.265907
 },
 "upca": {
  "id": "upca",
  "count": 50,
  "msecs": 161.69974900000005
 },
 "upce": {
  "id": "upce",
  "count": 50,
  "msecs": 99.74638299999998
 },
 "ean13composite": {
  "id": "ean13composite",
  "count": 25,
  "msecs": 212.298112
 },
 "ean8composite": {
  "id": "ean8composite",
  "count": 25,
  "msecs": 178.780308
 },
 "upcacomposite": {
  "id": "upcacomposite",
  "count": 25,
  "msecs": 184.951037
 },
 "upcecomposite": {
  "id": "upcecomposite",
  "count": 25,
  "msecs": 152.273064
 },
 "sscc18": {
  "id": "sscc18",
  "count": 25,
  "msecs": 118.28816300000001
 },
 "itf14": {
  "id": "itf14",
  "count": 25,
  "msecs": 77.515433
 },
 "onecode": {
  "id": "onecode",
  "count": 25,
  "msecs": 45.296612999999994
 },
 "planet": {
  "id": "planet",
  "count": 25,
  "msecs": 29.700247
 },
 "postnet": {
  "id": "postnet",
  "count": 25,
  "msecs": 25.390881000000004
 },
 "royalmail": {
  "id": "royalmail",
  "count": 25,
  "msecs": 29.344604000000004
 },
 "japanpost": {
  "id": "japanpost",
  "count": 25,
  "msecs": 36.840922
 },
 "azteccode": {
  "id": "azteccode",
  "count": 125,
  "msecs": 1702.0640860000003
 },
 "datamatrix": {
  "id": "datamatrix",
  "count": 125,
  "msecs": 1456.3563789999998
 },
 "pdf417": {
  "id": "pdf417",
  "count": 125,
  "msecs": 1942.9622279999987
 },
 "qrcode": {
  "id": "qrcode",
  "count": 125,
  "msecs": 3579.8946620000006
 },
 "hanxin": {
  "id": "hanxin",
  "count": 125,
  "msecs": 1966.7938370000006
 },
 "databarexpanded": {
  "id": "databarexpanded",
  "count": 25,
  "msecs": 137.11696899999998
 },
 "databarexpandedcomposite": {
  "id": "databarexpandedcomposite",
  "count": 25,
  "msecs": 240.55375000000006
 },
 "databarexpandedstacked": {
  "id": "databarexpandedstacked",
  "count": 25,
  "msecs": 527.217688
 },
 "databarexpandedstackedcomposite": {
  "id": "databarexpandedstackedcomposite",
  "count": 25,
  "msecs": 632.3413509999998
 },
 "databarlimited": {
  "id": "databarlimited",
  "count": 25,
  "msecs": 46.144659000000004
 },
 "databarlimitedcomposite": {
  "id": "databarlimitedcomposite",
  "count": 25,
  "msecs": 154.28422699999996
 },
 "databaromni": {
  "id": "databaromni",
  "count": 25,
  "msecs": 53.668774000000006
 },
 "databaromnicomposite": {
  "id": "databaromnicomposite",
  "count": 25,
  "msecs": 175.59252
 },
 "databarstacked": {
  "id": "databarstacked",
  "count": 25,
  "msecs": 86.591665
 },
 "databarstackedcomposite": {
  "id": "databarstackedcomposite",
  "count": 25,
  "msecs": 202.57828499999997
 },
 "databarstackedomni": {
  "id": "databarstackedomni",
  "count": 25,
  "msecs": 254.63595800000002
 },
 "databarstackedomnicomposite": {
  "id": "databarstackedomnicomposite",
  "count": 25,
  "msecs": 349.5018600000001
 },
 "databartruncated": {
  "id": "databartruncated",
  "count": 25,
  "msecs": 36.71583899999999
 },
 "databartruncatedcomposite": {
  "id": "databartruncatedcomposite",
  "count": 25,
  "msecs": 150.62713499999995
 },
 "gs1-128composite": {
  "id": "gs1-128composite",
  "count": 25,
  "msecs": 236.710596
 },
 "maxicode": {
  "id": "maxicode",
  "count": 25,
  "msecs": 250.55229300000002
 },
 "ultracode": {
  "id": "ultracode",
  "count": 125,
  "msecs": 1403.0229300000005
 },
 "dotcode": {
  "id": "dotcode",
  "count": 100,
  "msecs": 569.154875
 }
}